{"cameraMode":{"drawMode":0,"name":"Shaded","section":"Shading Mode"},"sceneLighting":true,"audioPlay":false,"sceneViewState":{"m_AlwaysRefresh":true,"showFog":true,"showSkybox":true,"showFlares":true,"showImageEffects":true,"showParticleSystems":true,"showVisualEffectGraphs":true,"m_FxEnabled":true},"in2DMode":false,"pivot":{"x":4.84647274017334,"y":4.334105968475342,"z":14.750090599060059},"rotation":{"x":-0.002179158153012395,"y":0.9973419308662415,"z":0.05059361457824707,"w":0.04094340279698372},"size":6.323487281799316,"orthographic":false}