{"cameraMode":{"drawMode":0,"name":"Shaded","section":"Shading Mode"},"sceneLighting":false,"audioPlay":false,"sceneViewState":{"m_AlwaysRefresh":true,"showFog":true,"showSkybox":false,"showFlares":true,"showImageEffects":true,"showParticleSystems":true,"showVisualEffectGraphs":true,"m_FxEnabled":true},"in2DMode":false,"pivot":{"x":293.1887512207031,"y":142.56813049316407,"z":317.5682067871094},"rotation":{"x":0.05359334126114845,"y":-0.9175141453742981,"z":0.13177645206451417,"w":0.3700965940952301},"size":0.6990377902984619,"orthographic":false}